02,-541.00,-305.003.00,-457.00                                                  
214,-224.00,11100.00,-10444.00,31.07,-526.00,-237.00,-232.00                    
215,-344.00,11068.00,-10392.00,31.02,-541.00,-305.00,-333j                      
                                                                               
Sample,aX,aY,az,Temp,gX,gY,gz                                                   
1,-272.00,10904.00,-10228.00,31.12,-440.00,-167.00,-58.00                       
2,-420.00,11096.00,-10356.00,31.07,-489.00,-108.00,-2.00                        
3,-400.00,10940.00,-10412.00,31.12,-385.00,-319.00,-235.00                      
4,-448.00,10992.00,-10584.00,31.02,-438.00,-152.00,32.00                        
5,-376.00,10916.00,-10372.00,31.07,-530.00,-433.00,-15.00                       
6,-232.00,11388.00,-10496.00,31.07,18.00,-243.00,-50.00                         
7,-316.00,10944.00,-9788.00,31.02,-191.00,-430.00,-129.00                       
8,-372.00,11128.00,-10512.00,31.07,-319.00,-234.00,282.00                       
9,-276.00,10956.00,-10332.00,31.07,-11.00,-520.00,-92.00                        
10,-360.00,10868.00,-10340.00,31.02,-286.00,-320.00,373.00                      
11,-244.00,11016.00,-10220.00,31.12,-181.00,-441.00,-40.00                      
12,-316.00,10988.00,-10400.00,31.02,-383.00,-36.00,71.00                        
13,-216.00,10936.00,-10304.00,31.07,-4                                          
                                                                                
                                                                                
                                                                                
                                                                                
                                                                                
                                                                                
60.00,25.00,187.00
14,-184.00,10996.00,-10224.00,31.12,-1032.00,-136.00,295.00
15,-100.00,11100.00,-10308.00,31.07,-1023.00,-296.00,420.00
16,24.00,11220.00,-10216.00,31.07,-723.00,-218.00,229.00
17,32.00,11176.00,-10344.00,31.02,-401.00,-205.00,-5.00
18,48.00,11068.00,-10400.00,31.07,-396.00,-192.00,-171.00
19,-80.00,11124.00,-10192.00,31.07,-278.00,-210.00,-144.00
20,136.00,11300.00,-10268.00,31.07,-390.00,-220.00,-229.00
21,-132.00,11248.00,-10216.00,31.07,-344.00,-239.00,-437.00
22,-132.00,11228.00,-10196.00,31.17,-174.00,-262.00,-455.00
23,-96.00,11236.00,-10272.00,31.07,-188.00,-317.00,-485.00
24,-104.00,11168.00,-10424.00,31.07,-239.00,-84.00,-231.00
25,-156.00,11116.00,-10316.00,30.98,-225.00,-91.00,-509.00
26,-356.00,11040.00,-10300.00,31.07,73.00,-37.00,-352.00
27,-188.00,11068.00,-10440.00,31.12,-429.00,-300.00,-201.00
28,-140.00,11188.00,-10156.00,31.12,-315.00,-126.00,-54.00
29,-128.00,11124.00,-10216.00,31.02,-514.00,-196.00,-92.00
30,-152.00,11060.00,-10320.00,30.93,-566.00,-100.00,104.00
31,-36.00,11080.00,-10272.00,31.12,-584.00,-102.00,-46.00
32,40.00,11168.00,-10204.00,31.12,-392.00,-127.00,-17.00
33,-88.00,11256.00,-10356.00,31.07,-508.00,-182.00,-2.00
34,-24.00,11104.00,-10048.00,31.12,-615.00,-245.00,-107.00
35,8.00,11248.00,-10160.00,31.02,-443.00,-205.00,-111.00
36,104.00,11208.00,-10272.00,31.07,-394.00,-207.00,-173.00
37,16.00,11228.00,-10272.00,31.07,-428.00,-187.00,4.00
38,64.00,11180.00,-10164.00,31.07,-434.00,-286.00,-193.00
39,12.00,11200.00,-10088.00,30.98,-251.00,-213.00,-227.00
40,-84.00,11292.00,-10104.00,31.07,-343.00,-250.00,-270.00
41,-52.00,11220.00,-10272.00,31.12,-326.00,-230.00,-224.00
42,-112.00,11120.00,-10036.00,31.12,-289.00,-235.00,-283.00
43,40.00,11256.00,-10376.00,31.17,-318.00,-174.00,-169.00
44,-20.00,11208.00,-10292.00,31.02,-384.00,-187.00,-129.00
45,128.00,11308.00,-10352.00,31.12,-296.00,-216.00,-142.00
46,-108.00,11108.00,-10128.00,31.02,-377.00,-222.00,-256.00
47,52.00,11192.00,-9984.00,31.12,-302.00,-179.00,-271.00
48,-160.00,11164.00,-10172.00,31.12,-257.00,-195.00,-219.00
49,56.00,11188.00,-10184.00,31.12,-342.00,-227.00,-305.00
50,36.00,11168.00,-10248.00,31.07,-182.00,-157.00,-256.00
51,20.00,11128.00,-10148.00,31.07,-276.00,-205.00,-245.00
52,52.00,11124.00,-10292.00,31.12,-386.00,-156.00,-139.00
53,-80.00,11148.00,-10192.00,31.12,-340.00,-293.00,-207.00
54,-100.00,11268.00,-10340.00,30.98,-401.00,-136.00,-56.00
55,-100.00,11188.00,-10112.00,31.07,-441.00,-248.00,-228.00
56,0.00,11184.00,-10136.00,31.02,-509.00,-175.00,-135.00
57,-8.00,11292.00,-10168.00,31.07,-476.00,-261.00,-231.00
58,-104.00,11136.00,-10072.00,31.02,-503.00,-177.00,-13.00
59,-88.00,11252.00,-10148.00,31.12,-389.00,-244.00,-182.00
60,64.00,11148.00,-10068.00,31.12,-284.00,-178.00,-135.00
61,56.00,11268.00,-10252.00,31.07,-369.00,-240.00,-147.00
62,-20.00,11240.00,-10088.00,31.07,-416.00,-245.00,-208.00
63,12.00,11208.00,-10280.00,31.02,-398.00,-230.00,-262.00
64,-76.00,11248.00,-10108.00,31.07,-474.00,-186.00,-137.00
65,28.00,11220.00,-10212.00,31.07,-346.00,-221.00,-246.00
66,-24.00,11316.00,-9968.00,31.07,-265.00,-192.00,-165.00
67,-20.00,11240.00,-10232.00,31.07,-316.00,-224.00,-157.00
68,60.00,11208.00,-10276.00,30.98,-272.00,-227.00,-430.00
69,-48.00,11196.00,-10328.00,31.02,-180.00,-219.00,-368.00
70,-96.00,11260.00,-10212.00,31.12,-135.00,-237.00,-279.00
71,-40.00,11160.00,-9920.00,31.02,-287.00,-280.00,-338.00
72,-120.00,11296.00,-10284.00,30.98,-337.00,-214.00,-192.00
73,-68.00,11184.00,-10232.00,31.07,-410.00,-252.00,-307.00
74,84.00,11184.00,-10252.00,31.07,-373.00,-173.00,-173.00
75,-176.00,11160.00,-10248.00,31.07,-208.00,-152.00,-258.00
76,-100.00,11184.00,-10496.00,31.07,76.00,-235.00,-595.00
77,-348.00,11132.00,-10276.00,30.98,-95.00,-209.00,-344.00
78,-272.00,11172.00,-10200.00,31.17,-283.00,-145.00,-8.00
79,-144.00,11028.00,-10060.00,31.12,-278.00,-441.00,-458.00
80,-300.00,11112.00,-10312.00,31.02,-663.00,1.00,-201.00
81,-196.00,11128.00,-10308.00,31.02,-226.00,204.00,-16.00
82,-100.00,11120.00,-10488.00,31.17,-388.00,-296.00,-79.00
83,-128.00,11200.00,-10164.00,31.07,-370.00,-367.00,-161.00
84,-8.00,11124.00,-10400.00,31.07,20.00,-44.00,-62.00
85,-160.00,11036.00,-10316.00,30.98,-97.00,-17.00,-24.00
86,36.00,11020.00,-10376.00,31.02,-49.00,-333.00,-159.00
87,16.00,10972.00,-10192.00,31.07,11.00,-565.00,-690.00
88,-176.00,10884.00,-10724.00,31.12,118.00,-363.00,-384.00
89,304.00,8932.00,-11092.00,31.12,-484.00,-670.00,1042.00
90,-400.00,12152.00,-9520.00,31.07,968.00,-1326.00,21.00
91,-12.00,10660.00,-9896.00,31.12,1806.00,151.00,-508.00
92,-152.00,10420.00,-11000.00,31.07,-128.00,111.00,-868.00
93,-300.00,10436.00,-10540.00,31.07,-353.00,-52.00,11.00
94,-124.00,11016.00,-10700.00,31.02,-908.00,-270.00,210.00
95,-88.00,10672.00,-10424.00,31.12,-496.00,-104.00,123.00
96,-112.00,11220.00,-11008.00,31.07,93.00,-24.00,328.00
97,200.00,10756.00,-10572.00,31.02,-636.00,-330.00,-18.00
98,-68.00,10852.00,-10684.00,31.07,-623.00,-285.00,117.00
99,192.00,10984.00,-10652.00,31.07,-599.00,-443.00,-154.00
100,-4.00,10784.00,-10484.00,31.07,-370.00,-114.00,-264.00
101,-8.00,10980.00,-10484.00,30.98,-299.00,-218.00,-595.00
102,-64.00,10880.00,-10636.00,31.07,-304.00,-21.00,-397.00
103,-60.00,10840.00,-10440.00,31.17,-210.00,-150.00,-322.00
104,-204.00,10808.00,-10496.00,31.07,-150.00,-318.00,-68.00
105,-24.00,10832.00,-10664.00,31.17,-535.00,-665.00,-75.00
106,1104.00,8256.00,-10644.00,31.07,1074.00,-428.00,1163.00
107,68.00,10684.00,-10924.00,31.07,-614.00,-924.00,918.00
108,-40.00,10948.00,-10572.00,31.02,-390.00,-1086.00,945.00
109,228.00,10584.00,-10656.00,31.17,-251.00,-1102.00,725.00
110,-96.00,11028.00,-10348.00,31.07,-333.00,-788.00,402.00
111,-84.00,11012.00,-10136.00,31.07,-380.00,-102.00,134.00
112,76.00,11036.00,-10524.00,31.07,352.00,111.00,-573.00
113,-288.00,10688.00,-10432.00,31.12,-388.00,-39.00,-449.00
114,-20.00,10972.00,-10872.00,31.02,-263.00,-82.00,-501.00
115,-300.00,10656.00,-10404.00,31.12,403.00,-27.00,-469.00
116,160.00,10484.00,-10688.00,31.12,-186.00,-155.00,-244.00
117,-116.00,10656.00,-10756.00,31.12,-410.00,-343.00,-223.00
118,-180.00,10780.00,-10524.00,31.07,-706.00,-95.00,108.00
119,-20.00,11068.00,-10652.00,31.07,-563.00,102.00,122.00
120,12.00,10764.00,-10488.00,31.02,-789.00,308.00,378.00
121,248.00,10848.00,-10720.00,31.12,-901.00,-213.00,-64.00
122,16.00,10940.00,-10468.00,31.12,-699.00,-257.00,-159.00
123,84.00,11000.00,-10408.00,31.12,-582.00,-140.00,118.00
124,136.00,10992.00,-10424.00,31.17,-411.00,-278.00,-86.00
125,120.00,10944.00,-10324.00,31.07,-295.00,-194.00,-138.00
126,116.00,10996.00,-10556.00,31.17,-229.00,-309.00,-405.00
127,140.00,10980.00,-10444.00,31.07,-215.00,-229.00,-447.00
128,120.00,10944.00,-10476.00,31.12,-329.00,-257.00,-367.00
129,116.00,10884.00,-10436.00,31.12,-279.00,-180.00,-217.00
130,116.00,10964.00,-10488.00,31.12,-525.00,-140.00,-460.00
131,-204.00,10828.00,-10200.00,31.02,-150.00,150.00,-295.00
132,20.00,10812.00,-10540.00,31.07,133.00,-4.00,-461.00
133,-148.00,10760.00,-10436.00,31.12,-339.00,3.00,-322.00
134,40.00,10784.00,-10560.00,31.07,-552.00,-154.00,-249.00
135,-268.00,10848.00,-10548.00,31.07,-538.00,-61.00,-120.00
136,0.00,10852.00,-10564.00,31.07,-490.00,-350.00,378.00
137,-144.00,10960.00,-10588.00,31.12,-479.00,-1170.00,801.00
138,584.00,11216.00,-10396.00,31.07,930.00,-924.00,-168.00
139,116.00,10788.00,-10284.00,31.17,190.00,21.00,-1004.00
140,-1100.00,12052.00,-10464.00,31.07,-217.00,584.00,-1566.00
141,-24.00,10528.00,-10724.00,31.02,-238.00,344.00,-1022.00
142,236.00,10528.00,-10772.00,31.07,-447.00,616.00,-774.00
143,-128.00,10756.00,-10828.00,31.12,-435.00,713.00,-1092.00
144,24.00,10316.00,-10832.00,30.98,-172.00,-4.00,226.00
145,320.00,10644.00,-10892.00,31.02,-1109.00,-957.00,-279.00
146,-376.00,10696.00,-10672.00,31.07,228.00,-986.00,599.00
147,-132.00,11300.00,-10736.00,31.07,-675.00,-866.00,761.00
148,4.00,11000.00,-10464.00,31.07,-349.00,-375.00,535.00
149,364.00,10796.00,-10648.00,31.12,-355.00,-207.00,-326.00
150,-4.00,10612.00,-10604.00,31.12,-10.00,315.00,-492.00
151,116.00,10600.00,-10684.00,31.07,-167.00,-3.00,-310.00
152,696.00,10824.00,-10748.00,31.17,-863.00,-58.00,-545.00
153,-576.00,10612.00,-10816.00,31.07,-610.00,241.00,-415.00
154,380.00,10824.00,-10824.00,31.07,-42.00,-68.00,546.00
155,536.00,10800.00,-10636.00,31.12,-692.00,-1034.00,-788.00
156,432.00,9724.00,-10356.00,31.17,201.00,-410.00,-243.00
157,-704.00,10652.00,-10612.00,31.12,-838.00,168.00,-365.00
158,-36.00,10948.00,-10808.00,31.17,43.00,449.00,878.00
159,908.00,11036.00,-11004.00,31.17,-264.00,-765.00,-310.00
160,212.00,10404.00,-10248.00,31.12,-1269.00,-296.00,-1047.00
161,-564.00,10604.00,-10672.00,31.07,606.00,395.00,719.00
162,944.00,10884.00,-10832.00,31.12,-389.00,-662.00,-172.00
163,-216.00,10620.00,-10576.00,31.17,-891.00,-358.00,-600.00
164,176.00,10752.00,-10760.00,31.07,-67.00,-71.00,299.00
165,156.00,10712.00,-10576.00,31.07,-929.00,-705.00,60.00
166,60.00,10732.00,-10828.00,31.12,145.00,-935.00,1065.00
167,564.00,10584.00,-10600.00,31.07,382.00,-1047.00,627.00
168,284.00,11076.00,-10468.00,31.17,126.00,-448.00,-667.00
169,324.00,10504.00,-10688.00,31.07,1067.00,533.00,-752.00
170,128.00,10428.00,-10864.00,31.07,-836.00,651.00,-1021.00
171,436.00,10432.00,-10740.00,31.07,-700.00,612.00,-808.00
172,260.00,9868.00,-10832.00,31.17,-426.00,622.00,-396.00
173,152.00,10552.00,-10860.00,31.17,-791.00,118.00,-260.00
174,40.00,10648.00,-10972.00,31.07,-935.00,-448.00,302.00
175,-108.00,10812.00,-10656.00,31.12,-1426.00,-865.00,825.00
176,304.00,10864.00,-10576.00,31.07,-678.00,-917.00,1462.00
177,312.00,10648.00,-10648.00,31.17,-148.00,-1423.00,1800.00
178,168.00,10392.00,-10720.00,31.12,-344.00,-1502.00,2615.00
179,728.00,10948.00,-10924.00,31.07,-505.00,-1838.00,1630.00
180,1008.00,9600.00,-10396.00,31.07,-323.00,-1840.00,758.00
181,372.00,11128.00,-10332.00,31.12,-374.00,-885.00,385.00
182,480.00,11128.00,-10316.00,31.12,-221.00,55.00,-556.00
183,748.00,10980.00,-10856.00,31.17,362.00,405.00,-1341.00
184,344.00,10652.00,-10832.00,31.07,-98.00,74.00,-1960.00
185,0.00,10376.00,-10608.00,31.17,282.00,584.00,-1368.00
186,64.00,10524.00,-10752.00,31.12,-1198.00,798.00,-1031.00
187,68.00,11092.00,-10552.00,31.26,-556.00,758.00,-1608.00
188,136.00,10720.00,-10764.00,31.07,-113.00,782.00,-1672.00
189,8.00,10732.00,-10864.00,31.17,73.00,599.00,-1253.00
190,-36.00,10468.00,-10836.00,31.12,35.00,214.00,-1007.00
191,-12.00,10372.00,-10844.00,31.21,-170.00,-109.00,-644.00
192,76.00,10424.00,-10952.00,31.12,-396.00,-129.00,-158.00
193,128.00,10572.00,-10908.00,31.12,-464.00,-513.00,-272.00
194,48.00,10400.00,-10680.00,31.12,-66.00,-331.00,-249.00
195,-64.00,10496.00,-10964.00,31.12,-9.00,-399.00,-279.00
196,-72.00,10520.00,-11120.00,31.07,-323.00,-398.00,-229.00
197,124.00,10376.00,-10656.00,31.17,-54.00,-157.00,-357.00
198,-240.00,10244.00,-11000.00,31.17,-359.00,20.00,-391.00
199,84.00,10592.00,-11056.00,31.17,-541.00,108.00,80.00
200,28.00,10556.00,-10896.00,31.02,-336.00,-473.00,-306.00
201,32.00,10428.00,-10964.00,31.12,-258.00,-190.00,-35.00
202,-100.00,10520.00,-11052.00,31.12,-644.00,-23.00,-130.00
203,88.00,10464.00,-10820.00,31.21,-444.00,41.00,255.00
204,-36.00,10596.00,-11132.00,31.07,-449.00,-600.00,-197.00
205,-12.00,10440.00,-10736.00,31.17,-716.00,-179.00,252.00
206,108.00,10580.00,-10900.00,31.17,-478.00,-140.00,39.00
207,176.00,10456.00,-10852.00,31.07,-155.00,-210.00,112.00
208,56.00,10428.00,-10984.00,31.17,-368.00,-570.00,-156.00
209,48.00,10536.00,-10648.00,31.17,-306.00,-178.00,20.00
210,176.00,10600.00,-10944.00,31.17,-357.00,-349.00,-171.00
211,124.00,10404.00,-10836.00,31.12,-332.00,-151.00,-202.00
212,180.00,10592.00,-10864.00,31.12,-399.00,-271.00,-207.00
213,68.00,10392.00,-10740.00,31.07,-485.00,-108.00,-45.00
214,156.00,10512.00,-10812.00,31.12,-236.00,-214.00,-174.00
215,40.00,10460.00,-10932.00,31.17,-431.00,-271.00,-118.00
216,136.00,10604.00,-10920.00,31.17,-176.00,-218.00,-271.00
217,124.00,10424.00,-10896.00,31.17,-384.00,-255.00,-238.00
218,24.00,10560.00,-10864.00,31.17,-335.00,-227.00,-192.00
219,56.00,10492.00,-10752.00236.00,10488.00,-10692.00,31.17,-1042.00,27.00,-70.00
369,228.00,10664.00,-10916.00,31.17,-7.00,31.21,-630.00,205.00,0.00
368,236.00,10488.00,-10692.00,31.17,-1042.00,27.00,-70.00
369,228.00,10664.00,-10916.00,31.17,-725.00,221.00,77.00
370,504.00,10596.00,-10764.00,31.12,-613.00,84.00,311.00
371,472.00,10736.00,-10856.00,31.26,-1228.00,-388.00,-23.00
372,400.00,10788.00,-10292.00,31.17,-811.00,-375.00,287.00
373,644.00,10776.00,-10732.00,31.26,-493.00,-631.00,-558.00
374,188.00,10800.00,-10764.00,31.17,-500.00,-317.00,-279.00
375,408.00,10936.00,-10380.00,31.21,-536.00,-266.00,-327.00
376,348.00,10848.00,-10584.00,31.21,-576.00,-242.00,-326.00
377,460.00,10876.00,-10456.00,31.26,-510.00,-367.00,-229.00
378,352.00,10940.00,-10516.00,31.26,-9.00,-332.00,-109.00
379,196.00,11388.00,-10412.00,31.17,-54.00,-332.00,-11.00
380,428.00,10896.00,-10440.00,31.21,-304.00,-273.00,-319.00
381,260.00,10864.00,-10580.00,31.26,-211.00,-146.00,-331.00
382,156.00,10820.00,-10540.00,31.26,-245.00,-270.00,-248.00
383,300.00,10780.00,-10556.00,31.17,-348.00,-329.00,-228.00
384,284.00,10764.00,-10724.00,31.17,-412.00,-267.00,-176.00
385,212.00,10856.00,-10592.00,31.21,-551.00,-154.00,-121.00
386,204.00,10700.00,-10572.00,31.21,-981.00,-316.00,83.00
387,340.00,10996.00,-10556.00,31.21,-1145.00,-578.00,251.00
388,316.00,11064.00,-10404.00,31.21,-726.00,-506.00,158.00
389,320.00,11072.00,-10280.00,31.21,-540.00,-303.00,17.00
390,388.00,10952.00,-10364.00,31.26,159.00,-390.00,-282.00
391,152.00,10864.00,-10580.00,31.26,-114.00,-455.00,-512.00
392,232.00,10856.00,-10468.00,31.12,-92.00,-32.00,-478.00
393,288.00,10896.00,-10556.00,31.17,236.00,35.00,-669.00
394,52.00,10548.00,-10512.00,31.26,-5.00,151.00,-468.00
395,256.00,10872.00,-10696.00,31.26,155.00,17.00,-674.00
396,172.00,10692.00,-10328.00,31.17,290.00,2.00,-554.00
397,-12.00,10700.00,-10800.00,31.17,416.00,-245.00,-551.00
398,-4.00,10536.00,-10848.00,31.17,90.00,-273.00,-405.00
399,-52.00,10368.00,-10760.00,31.17,62.00,21.00,-555.00
400,12.00,10644.00,-10948.00,31.26,-421.00,178.00,-144.00
401,44.00,10408.00,-10980.00,31.26,-437.00,-320.00,78.00
402,148.00,10448.00,-10800.00,31.21,-802.00,-104.00,475.00
403,412.00,10772.00,-10832.00,31.21,-488.00,-223.00,148.00
404,52.00,10372.00,-10604.00,31.21,-381.00,-63.00,-32.00
405,232.00,10696.00,-10752.00,31.17,-296.00,-218.00,-45.00
406,284.00,10672.00,-10692.00,31.17,-260.00,-397.00,-521.00
407,96.00,10396.00,-10728.00,31.21,90.00,39.00,-203.00
408,280.00,10672.00,-10996.00,31.21,83.00,-142.00,-373.00
409,40.00,10300.00,-10744.00,31.21,-63.00,-254.00,-418.00
410,104.00,10376.00,-11032.00,31.21,118.00,-94.00,-265.00
411,-216.00,10584.00,-10948.00,31.26,-444.00,7.00,-248.00
412,80.00,10536.00,-10952.00,31.17,-582.00,-47.00,138.00
413,248.00,10604.00,-10896.00,31.21,-767.00,-330.00,5.00
414,256.00,10472.00,-10768.00,31.17,-513.00,-349.00,-120.00
415,216.00,10692.00,-10864.00,31.17,-578.00,-292.00,-103.00
416,196.00,10600.00,-10760.00,31.21,-252.00,-190.00,-440.00
417,308.00,10516.00,-10796.00,31.21,-226.00,-237.00,-461.00
418,172.00,10524.00,-10856.00,31.26,-404.00,-331.00,-638.00
419,28.00,10372.00,-10852.00,31.17,-161.00,-79.00,-296.00
420,56.00,10572.00,-11020.00,31.21,-301.00,-279.00,-410.00
421,36.00,10440.00,-10660.00,31.21,-267.00,-284.00,-362.00
422,-12.00,10576.00,-11048.00,31.31,-141.00,-193.00,-212.00
423,-24.00,10336.00,-10860.00,31.17,-323.00,-302.00,-335.00
424,-48.00,10492.00,-10856.00,31.26,-360.00,-187.00,-133.00
425,?
Sample,aX,aY,az,Temp,gX,gY,gz
1,84.00,10584.00,-10896.00,31.21,-255.00,-252.00,-305.00
2,4.00,10404.00,-10708.00,31.21,-333.00,-252.00,-247.00
3,28.00,10508.00,-10980.00,31.26,-338.00,-186.00,-145.00
4,112.00,10432.00,-10708.00,31.21,-333.00,-168.00,-175.00
5,132.00,10504.00,-10952.00,31.21,-370.00,-203.00,-163.00
6,120.00,10464.00,-10792.00,31.21,-266.00,-143.00,-128.00
7,72.00,10424.00,-10928.00,31.17,-287.00,-153.00,-236.00
8,20.00,10476.00,-10736.00,31.21,-367.00,-205.00,-182.00
9,8.00,10364.00,-10952.00,31.26,-328.00,-222.00,-179.00
10,76.00,10476.00,-10860.00,31.12,-360.00,-127.00,-181.00
11,116.00,10404.00,-11056.00,31.21,-351.00,-158.00,-141.00
12,44.00,10524.00,-10844.00,31.21,-316.00,-257.00,-252.00
13,-16.00,10504.00,-10636.00,31.35,-282.00,-164.00,-128.00
14,-20.00,10452.00,-10864.00,31.17,-398.00,-246.00,-163.00
15,-24.00,10468.00,-10864.00,31.17,-422.00,-184.00,-92.00
16,28.00,10444.00,-10772.00,31.17,-360.00,-157.00,-141.00
17,108.00,10532.00,-10884.00,31.12,-400.00,-197.00,-110.00
18,44.00,10440.00,-10956.00,31.21,-409.00,-166.00,-128.00
19,56.00,10448.00,-10792.00,31.21,-397.00,-206.00,-140.00
20,32.00,10484.00,-10828.00,31.17,-409.00,-202.00,-188.00
21,108.00,10572.00,-10828.00,31.17,-292.00,-109.00,-123.00
22,56.00,10520.00,-10932.00,31.26,-338.00,-214.00,-249.00
23,176.00,10464.00,-10876.00,31.26,-402.00,-123.00,-131.00
24,56.00,10380.00,-10840.00,31.26,-393.00,-333.00,-220.00
25,112.00,10540.00,-10972.00,31.17,-352.00,-101.00,-38.00
26,64.00,10508.00,-10960.00,31.21,-322.00,-305.00,-309.00
27,116.00,10488.00,-10804.00,31.21,-397.00,-162.00,-109.00
28,8.00,10412.00,-10836.00,31.21,-263.00,-375.00,-364.00
29,96.00,10416.00,-10860.00,31.26,-417.00,-83.00,-37.00
30,104.00,10484.00,-10732.00,31.21,-245.00,-376.00,-331.00
31,104.00,10472.00,-10716.00,31.26,-352.00,-148.00,-64.00
32,96.00,10452.00,-10860.00,31.26,-320.00,-349.00,-293.00
33,64.00,10624.00,-10896.00,31.26,-529.00,-140.00,-121.00
34,92.00,10536.00,-10720.00,31.26,-353.00,-266.00,-201.00
35,36.00,10620.00,-10684.00,31.21,-419.00,-150.00,-138.00
36,68.00,10452.00,-10696.00,31.31,-367.00,-291.00,-225.00
37,32.00,10496.00,-10912.00,31.26,-412.00,-134.00,-135.00
38,120.00,10456.00,-10848.00,31.26,-329.00,-170.00,-196.00
39,76.00,10592.00,-10876.00,31.17,-405.00,-208.00,-152.00
40,132.00,10580.00,-10768.00,31.21,-366.00,-187.00,-101.00
41,120.00,10544.00,-10916.00,31.21,-321.00,-201.00,-220.00
42,140.00,10404.00,-10788.00,31.31,-352.00,-191.00,-133.00
43,84.00,10536.00,-10856.00,31.21,-306.00,-200.00,-211.00
44,32.00,10548.00,-10852.00,31.21,-398.00,-175.00,-156.00
45,168.00,10496.00,-10756.00,31.26,-317.00,-164.00,-177.00
46,208.00,10496.00,-10812.00,31.17,-362.00,-174.00,-109.00
47,196.00,10540.00,-10908.00,31.17,-322.00,-193.00,-144.00
48,160.00,10508.00,-10956.00,31.26,-346.00,-179.00,-179.00
49,32.00,10524.00,-10764.00,31.35,-342.00,-202.00,-180.00
50,132.00,10460.00,-10736.00,31.17,-330.00,-186.00,-140.00
51,184.00,10528.00,-10800.00,31.26,-267.00,-208.00,-177.00
52,128.00,10536.00,-10876.00,31.17,-291.00,-81.00,-94.00
53,112.00,10472.00,-10932.00,31.31,-210.00,-219.00,-212.00
54,96.00,10548.00,-10856.00,31.21,-398.00,-169.00,-131.00
55,128.00,10512.00,-10788.00,31.26,-348.00,-351.00,-269.00
56,152.00,10516.00,-10796.00,31.17,-279.00,-166.00,-181.00
57,156.00,10456.00,-10860.00,31.26,-364.00,-251.00,-254.00
58,80.00,10468.00,-10776.00,31.26,-358.00,-148.00,-116.00
59,260.00,10552.00,-10988.00,31.21,-359.00,-191.00,-165.00
60,176.00,10492.00,-10812.00,31.21,-434.00,-130.00,-90.00
61,8.00,10456.00,-10800.00,31.31,-305.00,-292.00,-222.00
62,132.00,10496.00,-10828.00,31.26,-400.00,-72.00,-47.00
63,40.00,10512.00,-10848.00,31.21,-304.00,-216.00,-164.00
64,224.00,10624.00,-10772.00,31.31,-363.00,-125.00,-88.00
65,216.00,10456.00,-10780.00,31.26,-395.00,-212.00,-180.00
66,152.00,10472.00,-10944.00,31.35,-317.00,-191.00,-168.00
67,144.00,10380.00,-10988.00,31.26,-421.00,-98.00,-74.00
68,116.00,10528.00,-10816.00,31.21,-361.00,-205.00,-173.00
69,216.00,10556.00,-10824.00,31.12,-321.00,-128.00,-160.00
70,196.00,10492.00,-10664.00,31.31,-357.00,-217.00,-240.00
71,160.00,10456.00,-10776.00,31.31,-346.00,-202.00,-225.00
72,164.00,10552.00,-10948.00,31.21,-284.00,-222.00,-218.00
73,108.00,10464.00,-10968.00,31.12,-362.00,-211.00,-207.00
74,176.00,10476.00,-10808.00,31.21,-309.00,-244.00,-135.00
75,140.00,10520.00,-10872.00,31.21,-542.00,-235.00,-94.00
76,164.00,10524.00,-11020.00,31.21,-387.00,-226.00,-150.00
77,112.00,10532.00,-10828.00,31.21,-310.00,-212.00,-199.00
78,68.00,10712.00,-10884.00,31.31,-495.00,-179.00,-194.00
79,348.00,10960.00,-10460.00,31.17,-331.00,-332.00,-167.00
80,404.00,10580.00,-11280.00,31.17,-416.00,-213.00,-55.00
81,144.00,10364.00,-10664.00,31.31,-221.00,-187.00,-158.00
82,172.00,10552.00,-10896.00,31.21,-173.00,-180.00,-123.00
83,224.00,10420.00,-10840.00,31.31,-305.00,-185.00,-111.00
84,152.00,10568.00,-10788.00,31.31,-309.00,-205.00,-164.00
85,336.00,10788.00,-11104.00,31.31,-300.00,-128.00,-115.00
86,176.00,10440.00,-10836.00,31.31,-354.00,-175.00,-162.00
87,220.00,10540.00,-10936.00,31.31,-338.00,-194.00,-151.00
88,40.00,10452.00,-10784.00,31.21,-371.00,-165.00,-192.00
89,232.00,10528.00,-10976.00,31.26,-350.00,-197.00,-120.00
90,140.00,10564.00,-10824.00,31.35,-361.00,-191.00,-133.00
91,248.00,10448.00,-10788.00,31.35,-348.00,-223.00,-181.00
92,236.00,10548.00,-10844.00,31.26,-379.00,-172.00,-200.00
93,220.00,10524.00,-10800.00,31.26,-378.00,-238.00,-145.00
94,212.00,10544.00,-10828.00,31.26,-309.00,-200.00,-133.00
95,152.00,10516.00,-10912.00,31.31,-358.00,-195.00,-149.00
96,180.00,10456.00,-10784.00,31.21,-328.00,-192.00,-191.00
97,176.00,10392.00,-10856.00,31.21,-375.00,-155.00,-141.00
98,180.00,10420.00,-10764.00,31.21,-308.00,-190.00,-174.00
99,212.00,10360.00,-10792.00,31.31,-459.00,-155.00,-96.00
100,164.00,10484.00,-10720.00,31.26,-350.00,-175.00,-147.00
101,148.00,10544.00,-10976.00,31.26,-373.00,-122.00,-156.00
102,136.00,10420.00,-10776.00,31.31,-296.00,-195.00,-194.00
103,184.00,10480.00,-10880.00,31.26,-387.00,-156.00,-158.00
104,220.00,10556.00,-10880.00,31.26,-400.00,-205.00,-123.00
105,420.00,10480.00,-10888.00,31.17,-374.00,-151.00,-161.00
106,308.00,10504.00,-10788.00,31.31,-354.00,-159.00,-168.00
107,344.00,10400.00,-10916.00,31.21,-360.00,-213.00,-191.00
108,384.00,10552.00,-10884.00,31.17,-313.00,-193.00,-186.00
109,200.00,10564.00,-10860.00,31.35,-365.00,-228.00,-184.00
110,212.00,10628.00,-10908.00,31.31,-409.00,-247.00,-182.00
111,236.00,10536.00,-10712.00,31.21,-370.00,-249.00,-176.00
112,288.00,10552.00,-10816.00,31.31,-308.00,-225.00,-189.00
113,260.00,10560.00,-10764.00,31.35,-330.00,-181.00,-183.00
114,208.00,10524.00,-10852.00,31.26,-346.00,-271.00,-209.00
115,208.00,10448.00,-10616.00,31.31,-325.00,-218.00,-142.00
116,180.00,10580.00,-10912.00,31.12,-347.00,-209.00,-210.00
117,128.00,10428.00,-10956.00,31.21,-319.00,-151.00,-147.00
118,188.00,10468.00,-10728.00,31.26,-349.00,-218.00,-195.00
119,208.00,10456.00,-10888.00,31.26,-403.00,-197.00,-137.00
120,224.00,10432.00,-10624.00,31.31,-319.00,-210.00,-182.00
121,200.00,10548.00,-11032.00,31.26,-381.00,-218.00,-191.00
122,296.00,10516.00,-10836.00,31.26,-329.00,-177.00,-133.00
123,244.00,10456.00,-10880.00,31.21,-347.00,-179.00,-187.00
124,272.00,10588.00,-10864.00,31.21,-370.00,-230.00,-189.00
125,120.00,10496.00,-10732.00,31.26,-276.00,-217.00,-156.00
126,232.00,10524.00,-10888.00,31.26,-320.00,-234.00,-214.00
127,320.00,10576.00,-10856.00,31.40,-317.00,-181.00,-160.00
128,180.00,10548.00,-10848.00,31.21,-345.00,-215.00,-194.00
129,252.00,10448.00,-10804.00,31.35,-393.00,-209.00,-115.00
130,228.00,10496.00,-10848.00,31.26,-316.00,-214.00,-213.00
131,176.00,10428.00,-10724.00,31.21,-385.00,-137.00,-71.00
132,276.00,10496.00,-10940.00,31.21,-320.00,-197.00,-156.00
133,220.00,10440.00,-10800.00,31.40,-328.00,-180.00,-132.00
134,252.00,10680.00,-10688.00,31.35,-345.00,-224.00,-179.00
135,188.00,10472.00,-10736.00,31.26,-341.00,-232.00,-145.00
136,248.00,10572.00,-10952.00,31.31,-301.00,-205.00,-208.00
137,116.00,10508.00,-10868.00,31.21,-353.00,-224.00,-212.00
138,200.00,10580.00,-10768.00,31.26,-306.00,-200.00,-227.00
139,324.00,10756.00,-10996.00,31.21,-172.00,-6.00,24.00
140,96.00,11460.00,-11940.00,31.35,-1676.00,-945.00,-1835.00
141,352.00,13036.00,-11736.00,31.26,-7808.00,-746.00,-4176.00
142,-148.00,8492.00,-13224.00,31.17,3839.00,2156.00,-6687.00
143,-900.00,11576.00,-13744.00,31.21,-491.00,4029.00,914.00
144,-1132.00,10248.00,-10560.00,31.31,-3018.00,-2083.00,-1544.00
145,-1212.00,10852.00,-7340.00,31.35,-6266.00,-4042.00,-216.00
146,-1940.00,11416.00,-4572.00,31.31,-4495.00,-2304.00,5321.00
147,156.00,14208.00,-6280.00,31.31,-2090.00,560.00,8267.00
148,1040.00,11776.00,-6296.00,31.31,-5072.00,2081.00,10081.00
149,3620.00,17008.00,-9496.00,31.35,-517.00,5753.00,8312.00
150,4952.00,12284.00,-8824.00,31.26,-1832.00,7892.00,8099.00
151,6404.00,9956.00,-8700.00,31.40,2451.00,5567.00,7760.00
152,6996.00,10884.00,-8252.00,31.31,1551.00,4088.00,6638.00
153,7228.00,9124.00,-6612.00,31.31,-1568.00,4298.00,5429.00
154,9088.00,10064.00,-8748.00,31.35,1878.00,8946.00,6430.00
155,9856.00,9732.00,-8292.00,31.35,1333.00,7271.00,5759.00
156,8532.00,9964.00,-4280.00,31.35,887.00,5347.00,8289.00
157,8468.00,7568.00,-3160.00,31.26,-956.00,7498.00,7770.00
158,13636.00,10712.00,-4544.00,31.26,2222.00,6639.00,5612.00
159,13112.00,11092.00,-6964.00,31.21,-7958.00,-1996.00,2413.00
160,14552.00,7380.00,-2932.00,31.26,-1644.00,1146.00,4898.00
161,14140.00,9072.00,-6216.00,31.26,-2929.00,317.00,5346.00
162,14716.00,5784.00,-4992.00,31.31,589.00,1850.00,3916.00
163,14900.00,5060.00,-4996.00,31.31,-1063.00,2500.00,3807.00
164,14916.00,6836.00,-3456.00,31.26,-130.00,1911.00,3620.00
165,15060.00,4600.00,-2828.00,31.35,1485.00,2075.00,3084.00
166,15384.00,4420.00,-3096.00,31.40,-498.00,943.00,3616.00
167,15672.00,5844.00,-2684.00,31.40,-2333.00,-616.00,3362.00
168,15304.00,3924.00,-1676.00,31.26,-2516.00,-452.00,2914.00
169,15512.00,4080.00,-1828.00,31.35,-1592.00,502.00,1941.00
170,16260.00,3812.00,-4036.00,31.31,-1110.00,-31.00,903.00
171,16956.00,2000.00,-3676.00,31.40,-1540.00,-528.00,636.00
172,17596.00,608.00,-3672.00,31.31,1281.00,1263.00,-1319.00
173,15820.00,1976.00,-2236.00,31.31,1809.00,2039.00,527.00
174,15632.00,3880.00,-1936.00,31.31,2589.00,119.00,1707.00
175,15412.00,3648.00,-1736.00,31.31,-3601.00,236.00,-1014.00
176,14856.00,3644.00,-2276.00,31.26,-6027.00,931.00,-1194.00
177,15744.00,5368.00,-3372.00,31.40,-5103.00,1164.00,-1783.00
178,15772.00,4820.00,-2016.00,31.26,-1673.00,-183.00,-1799.00
179,15420.00,3868.00,-1156.00,31.31,-1569.00,-1241.00,-1807.00
180,15752.00,4448.00,-1360.00,31.31,-2560.00,-844.00,-1416.00
181,15932.00,4544.00,-1748.00,31.26,-2557.00,-867.00,-1227.00
182,15200.00,5620.00,-2104.00,31.31,-591.00,-9.00,-362.00
183,15904.00,5720.00,-2232.00,31.31,-219.00,546.00,-701.00
184,16096.00,5432.00,-1584.00,31.40,254.00,176.00,-544.00
185,15756.00,5464.00,-1444.00,31.26,779.00,373.00,-742.00
186,15388.00,5428.00,-1448.00,31.26,128.00,-10.00,-796.00
187,15860.00,5212.00,-2060.00,31.31,-1336.00,-495.00,-1169.00
188,15764.00,5772.00,-1336.00,31.35,-3219.00,-861.00,-1471.00
189,15484.00,5748.00,-792.00,31.31,-2425.00,-451.00,-1229.00
190,15596.00,5776.00,-1228.00,31.35,-4016.00,-228.00,-1804.00
191,15368.00,6388.00,-796.00,31.31,-3960.00,156.00,-1472.00
192,15240.00,7060.00,-932.00,31.35,-2635.00,948.00,-936.00
193,15388.00,7232.00,-1556.00,31.45,-103.00,1703.00,-537.00
194,15460.00,7372.00,-1140.00,31.35,2135.00,1894.00,235.00
195,15244.00,6764.00,-248.00,31.26,2851.00,1433.00,-6.00
196,15400.00,6708.00,332.00,31.31,1553.00,370.00,-334.00
197,15416.00,6324.00,756.00,31.26,-876.00,28.00,-715.00
198,15460.00,6184.00,304.00,31.31,-2048.00,-98.00,-917.00
199,15264.00,6448.00,360.00,31.35,-2362.00,-653.00,-773.00
200,15260.00,7252.00,-24.00,31.35,-1117.00,-616.00,-571.00
201,15104.00,7384.00,-208.00,31.35,-508.00,-710.00,-400.00
202,15048.00,7428.00,-384.00,31.35,19.00,-513.00,-155.00
203,15204.00,7084.00,-228.00,31.31,-205.00,-431.00,84.00
204,15240.00,7160.00,-632.00,31.35,226.00,-211.00,391.00
205,15180.00,6832.00,-88.00,31.40,862.00,-410.00,508.00
206,15176.00,6764.00,-308.00,31.35,-34.00,-413.00,437.00
207,15132.00,6628.00,-452.00,31.40,-804.00,-754.00,124.00
208,15192.00,6684.00,-672.00,31.35,-632.00,-748.00,72.00
209,15284.00,7044.00,-444.00,31.21,-1086.00,-723.00,109.00
210,15092.00,6768.00,-448.00,31.40,-1022.00,-778.00,-77.00
211,15404.00,6904.00,-548.00,31.31,-1274.00,-154.00,128.00
212,15136.00,6952.00,-756.00,31.40,-243.00,213.00,399.00
213,15336.00,6788.00,-784.00,31.35,874.00,214.00,820.00
214,15384.00,6412.00,-704.00,31.31,845.00,271.00,782.00
215,15440.00,6276.00,-444.00,31.40,279.00,35.00,735.00
216,15444.00,6016.00,-364.00,31.40,-372.00,-191.00,478.00
217,15496.00,6024.00,-480.00,31.31,-920.00,-202.00,52.00
218,15392.00,6164.00,-752.00,31.35,-1387.00,-269.00,-206.00
219,15572.00,6532.00,-348.00,31.31,-1232.00,10.00,-184.00
220,15468.00,6592.00,-660.00,31.26,-603.00,166.00,-162.00
221,15472.00,6212.00,-576.00,31.35,-67.00,280.00,-40.00
222,15600.00,6520.00,-620.00,31.31,643.00,582.00,22.00
223,15348.00,6096.00,-84.00,31.31,732.00,171.00,5.00
224,15480.00,5844.00,88.00,31.35,-52.00,-268.00,-333.00
225,15548.00,6164.00,-156.00,31.31,-963.00,66.00,-441.00
226,15496.00,6336.00,-280.00,31.35,-1181.00,-297.00,-650.00
227,15628.00,6392.00,-384.00,31.31,-436.00,142.00,-398.00
228,15316.00,6344.00,-368.00,31.26,84.00,80.00,-475.00
229,15340.00,6288.00,228.00,31.31,202.00,-322.00,-574.00
230,15352.00,6560.00,-4.00,31.35,-133.00,-6.00,-611.00
231,15260.00,6616.00,-84.00,31.35,-412.00,-313.00,-584.00
232,15384.00,6772.00,-172.00,31.40,-470.00,-380.00,-555.00
233,15324.00,6600.00,-24.00,31.31,-522.00,-545.00,-578.00
234,15188.00,6576.00,-168.00,31.31,-1005.00,-881.00,-777.00
235,15444.00,6864.00,-164.00,31.40,-1157.00,-750.00,-724.00
236,15048.00,6812.00,-84.00,31.40,-873.00,-721.00,-864.00
237,15360.00,6968.00,-628.00,31.31,-994.00,-527.00,-769.00
238,15060.00,7300.00,-372.00,31.45,-646.00,-195.00,-558.00
239,15000.00,7248.00,-580.00,31.26,305.00,-164.00,-492.00
240,15196.00,7228.00,-604.00,31.35,-186.00,-125.00,-402.00
241,15132.00,7360.00,-232.00,31.35,-520.00,-92.00,-312.00
242,15012.00,7248.00,-416.00,31.35,-407.00,-201.00,-319.00
243,15132.00,7288.00,-236.00,31.35,-551.00,-122.00,-141.00
244,15096.00,7320.00,-300.00,31.35,-404.00,-224.00,-83.00
245,14952.00,7364.00,-136.00,31.40,-119.00,-178.00,-15.00
246,15100.00,7268.00,-224.00,31.40,-362.00,-252.00,-28.00
247,14992.00,7160.00,-228.00,31.26,-769.00,-463.00,-133.00
248,15128.00,7420.00,-224.00,31.35,-1038.00,-369.00,-14.00
249,14916.00,7372.00,-288.00,31.35,-699.00,-253.00,174.00
250,15156.00,7228.00,-520.00,31.40,-478.00,-272.00,239.00
251,15384.00,7280.00,-388.00,31.40,-224.00,38.00,365.00
252,15108.00,7292.00,-344.00,31.35,196.00,185.00,566.00
253,15000.00,6804.00,-536.00,31.35,199.00,275.00,534.00
254,15188.00,6896.00,-80.00,31.40,-121.00,194.00,390.00
255,15308.00,6952.00,-420.00,31.45,-111.00,273.00,441.00
256,15264.00,6912.00,-168.00,31.31,-156.00,107.00,437.00
257,15296.00,6536.00,-204.00,31.35,-441.00,-60.00,236.00
258,15372.00,6688.00,-192.00,31.31,-1059.00,-149.00,92.00
259,15284.00,6672.00,36.00,31.40,-662.00,-228.00,-19.00
260,15420.00,6680.00,184.00,31.45,-1096.00,-302.00,-100.00
261,15276.00,6844.00,-212.00,31.45,-586.00,-272.00,-120.00
262,15296.00,6644.00,192.00,31.45,-460.00,-330.00,-116.00
263,15492.00,6764.00,-108.00,31.35,-576.00,-183.00,-95.00
264,15352.00,6904.00,-176.00,31.40,70.00,-237.00,-46.00
265,15328.00,6564.00,272.00,31.35,27.00,-437.00,-129.00
266,15440.00,6624.00,20.00,31.40,-340.00,-360.00,-173.00
267,15328.00,6676.00,-144.00,31.35,-273.00,-352.00,-196.00
268,15456.00,6740.00,28.00,31.35,-535.00,-506.00,-347.00
269,15348.00,6752.00,-284.00,31.40,-329.00,-326.00,-356.00
270,15200.00,6844.00,-304.00,31.31,-319.00,-234.00,-364.00
271,15172.00,6968.00,-596.00,31.40,-92.00,-344.00,-393.00
272,15132.00,6828.00,-168.00,31.40,-132.00,-437.00,-487.00
273,15116.00,6792.00,-468.00,31.40,-586.00,-576.00,-545.00
274,15220.00,7112.00,-596.00,31.31,-536.00,-400.00,-540.00
275,15276.00,7168.00,-348.00,31.31,-185.00,-298.00,-400.00
276,14872.00,7036.00,-208.00,31.40,182.00,-214.00,-240.00
277,15252.00,7004.00,-512.00,31.40,402.00,177.00,-267.00
278,15136.00,6968.00,-488.00,31.35,639.00,150.00,-140.00
279,15076.00,7004.00,-416.00,31.31,8.00,-57.00,-150.00
280,15056.00,6988.00,-148.00,31.49,-763.00,-369.00,-333.00
281,15232.00,7040.00,-336.00,31.31,-921.00,-527.00,-465.00
282,15248.00,7176.00,-328.00,31.40,-776.00,-551.00,-359.00
283,15080.00,7128.00,-500.00,31.40,-849.00,-567.00,-254.00
284,15072.00,7236.00,-640.00,31.40,-795.00,-455.00,-200.00
285,14992.00,7344.00,-628.00,31.40,-747.00,-385.00,-190.00
286,15044.00,7196.00,-616.00,31.31,-465.00,-236.00,-74.00
287,15088.00,7220.00,-444.00,31.40,-275.00,-172.00,-16.00
288,15088.00,7136.00,-456.00,31.40,-608.00,-329.00,-43.00
289,15160.00,7156.00,-204.00,31.49,-996.00,-428.00,-61.00
290,15024.00,7400.00,-528.00,31.35,-718.00,-260.00,101.00
291,15100.00,7280.00,-748.00,31.45,-154.00,18.00,301.00
292,14832.00,7048.00,-244.00,31.45,-232.00,-291.00,197.00
293,15156.00,7136.00,-412.00,31.45,-388.00,-172.00,37.00
294,15104.00,7044.00,-628.00,31.40,-136.00,-196.00,127.00
295,15148.00,7100.00,-572.00,31.40,-202.00,-221.00,172.00
296,15176.00,6964.00,-444.00,31.35,-255.00,-254.00,140.00
297,15208.00,6840.00,-376.00,31.45,-158.00,-258.00,151.00
298,15276.00,6904.00,-608.00,31.49,-113.00,-185.00,221.00
299,15168.00,6688.00,-760.00,31.40,-288.00,-270.00,90.00
300,15260.00,6820.00,-436.00,31.45,-650.00,-373.00,-36.00
301,15068.00,6824.00,-552.00,31.45,-962.00,-344.00,-37.00
302,15188.00,6816.00,-640.00,31.40,-925.00,-211.00,-95.00
303,15124.00,7036.00,-640.00,31.49,-160.00,-118.00,80.00
304,15228.00,6660.00,-532.00,31.45,-166.00,55.00,152.00
305,15320.00,6768.00,-464.00,31.45,-44.00,75.00,217.00
306,15328.00,6680.00,-476.00,31.40,-134.00,32.00,78.00
307,15348.00,6732.00,-420.00,31.40,69.00,-3.00,193.00
308,15180.00,6584.00,-368.00,31.49,-250.00,-392.00,203.00
309,15212.00,6828.00,-528.00,31.31,-456.00,-240.00,-75.00
310,15332.00,6792.00,-608.00,31.35,-509.00,-239.00,-52.00
311,15272.00,6632.00,-568.00,31.35,-199.00,-46.00,-48.00
312,15328.00,6688.00,-432.00,31.49,-322.00,200.00,-51.00
313,15340.00,6696.00,-480.00,31.35,-142.00,39.00,-83.00
314,15432.00,6656.00,-420.00,31.40,115.00,2.00,-171.00
315,15324.00,6512.00,-248.00,31.49,-315.00,-219.00,-332.00
316,15220.00,6580.00,-392.00,31.40,-601.00,-397.00,-425.00
317,15228.00,6596.00,-588.00,31.40,-1119.00,-563.00,-663.00
318,15432.00,7152.00,-796.00,31.45,-790.00,-391.00,-587.00
319,15128.00,6892.00,-464.00,31.35,-217.00,-246.00,-373.00
320,15144.00,6824.00,-388.00,31.35,-337.00,-333.00,-459.00
321,15060.00,6912.00,-552.00,31.45,-578.00,-432.00,-510.00
322,15204.00,7140.00,-448.00,31.35,-966.00,-502.00,-588.00
323,15296.00,7220.00,-844.00,31.35,-340.00,-170.00,-511.00
324,15064.00,7164.00,-584.00,31.54,-98.00,-149.00,-460.00
325,15068.00,7184.00,-768.00,31.35,-298.00,-142.00,-509.00
326,15240.00,7076.00,-368.00,31.45,-672.00,-200.00,-513.00
327,15012.00,7376.00,-760.00,31.45,-50.00,199.00,-387.00
328,14864.00,7232.00,-632.00,31.45,79.00,160.00,-221.00
329,15036.00,7180.00,-156.00,31.45,-301.00,-21.00,-335.00
330,15184.00,7356.00,-672.00,31.35,177.00,273.00,-234.00
331,15080.00,7364.00,-756.00,31.35,838.00,468.00,-71.00
332,15036.00,7480.00,-384.00,31.54,374.00,269.00,-75.00
333,15148.00,7188.00,-408.00,31.40,22.00,52.00,-126.00
334,14964.00,7112.00,-312.00,31.45,-346.00,-198.00,-163.00
335,15156.00,7124.00,-40.00,31.54,-1050.00,-575.00,-332.00
336,15016.00,7540.00,-404.00,31.45,-814.00,-438.00,-424.00
337,14852.00,7272.00,-468.00,31.35,-802.00,-614.00,-258.00
338,15024.00,7320.00,-516.00,31.54,-1141.00,-556.00,-353.00
339,14968.00,7524.00,-712.00,31.45,-1025.00,-548.00,-245.00
340,14960.00,7532.00,-480.00,31.49,-513.00,-477.00,-137.00
341,14924.00,7396.00,-436.00,31.49,-598.00,-311.00,-20.00
342,15124.00,7624.00,-684.00,31.49,-220.00,-29.00,193.00
343,14868.00,7340.00,-276.00,31.45,-136.00,-261.00,238.00
344,14940.00,7336.00,-388.00,31.45,-200.00,52.00,127.00
345,15024.00,7308.00,-268.00,31.40,-446.00,-303.00,85.00
346,15012.00,7180.00,-544.00,31.45,-544.00,-279.00,-39.00
347,15000.00,7280.00,-568.00,31.54,-670.00,-263.00,9.00
348,15072.00,7160.00,-480.00,31.40,-808.00,-335.00,-31.00
349,14988.00,7420.00,-484.00,31.40,-411.00,-332.00,51.00
350,15048.00,7260.00,-520.00,31.45,-273.00,-142.00,149.00
351,15100.00,7244.00,-596.00,31.54,-40.00,-60.00,255.00
352,15132.00,7132.00,-212.00,31.40,125.00,-3.00,335.00
353,15156.00,6880.00,-160.00,31.40,99.00,-84.00,251.00
354,15072.00,6872.00,-348.00,31.45,-95.00,-103.00,151.00
355,15092.00,7036.00,-492.00,31.40,-222.00,-115.00,122.00
356,15112.00,6968.00,-436.00,31.49,-95.00,-189.00,73.00
357,15288.00,6836.00,-668.00,31.45,-531.00,-351.00,-51.00
358,15204.00,6944.00,-576.00,31.40,-460.00,-358.00,-126.00
359,15204.00,6972.00,-548.00,31.40,-282.00,-298.00,-75.00
360,15304.00,6880.00,-476.00,31.49,-244.00,-139.00,-124.00
361,15108.00,6912.00,-664.00,31.49,-294.00,-69.00,-167.00
362,15256.00,6940.00,-440.00,31.49,-199.00,-92.00,-140.00
363,15196.00,6992.00,-488.00,31.49,-87.00,-29.00,-160.00
364,15112.00,6896.00,-416.00,31.54,-31.00,-14.00,-175.00
365,15164.00,6844.00,-476.00,31.49,-343.00,-199.00,-204.00
366,15208.00,7088.00,-548.00,31.40,-326.00,-239.00,-249.00
367,15184.00,6924.00,-556.00,31.49,-201.00,-99.00,-151.00
368,15100.00,6932.00,-608.00,31.49,54.00,-158.00,-139.00
369,15244.00,6800.00,-616.00,31.35,-214.00,-279.00,-310.00
370,15180.00,7084.00,-376.00,31.54,-358.00,-145.00,-269.00
371,15156.00,6980.00,-668.00,31.35,-1.00,28.00,-271.00
372,15168.00,6928.00,-640.00,31.45,14.00,21.00,-183.00
373,15164.00,6884.00,-656.00,31.49,-218.00,-25.00,-185.00
374,15152.00,7008.00,-456.00,31.49,-337.00,29.00,-175.00
375,15056.00,6992.00,-540.00,31.45,-101.00,-101.00,-163.00
376,15236.00,6992.00,-616.00,31.54,-158.00,-69.00,-102.00
377,15168.00,6960.00,-568.00,31.40,-337.00,-201.00,-158.00
378,15208.00,6856.00,-224.00,31.49,-369.00,-204.00,-141.00
379,15104.00,6964.00,-436.00,31.49,-627.00,-266.00,-234.00
380,15016.00,7064.00,-568.00,31.49,-448.00,-373.00,-222.00
381,15164.00,7000.00,-608.00,31.49,-533.00,-248.00,-148.00
382,15160.00,7124.00,-596.00,31.54,-269.00,-247.00,-58.00
383,15176.00,7084.00,-384.00,31.59,-240.00,-143.00,-123.00
384,15044.00,7060.00,-620.00,31.59,-75.00,-114.00,-68.00
385,15008.00,6996.00,-592.00,31.49,-71.00,-159.00,-26.00
386,15060.00,7000.00,-596.00,31.45,-47.00,-209.00,-79.00
387,15240.00,6800.00,-444.00,31.40,-296.00,-236.00,-181.00
388,15200.00,7052.00,-396.00,31.54,-388.00,-377.00,-252.00
389,15136.00,6900.00,-604.00,31.45,-601.00,-228.00,-285.00
390,15072.00,7204.00,-612.00,31.54,-687.00,-295.00,-255.00
391,15232.00,7000.00,-608.00,31.54,-470.00,-211.00,-228.00
392,15136.00,7140.00,-696.00,31.45,-648.00,-242.00,-215.00
393,15224.00,7176.00,-556.00,31.45,-413.00,-142.00,-280.00
394,15124.00,7144.00,-528.00,31.54,-482.00,-54.00,-400.00
395,15172.00,7344.00,-812.00,31.49,-485.00,136.00,-553.00
396,15080.00,7628.00,-684.00,31.49,-997.00,132.00,-1216.00
397,15608.00,8660.00,-1336.00,31.49,-3053.00,16.00,-2216.00
398,15584.00,9324.00,-1708.00,31.49,-8411.00,-3494.00,-5063.00
399,15740.00,11288.00,-712.00,31.59,-13970.00,-4628.00,-10744.00
400,14996.00,13076.00,-36.00,31.40,-19513.00,-5358.00,-16491.00
401,13652.00,15868.00,2344.00,31.49,-31156.00,-6457.00,-26262.00
402,8764.00,15484.00,7016.00,31.54,-32768.00,-1333.00,-32768.00
403,4528.00,10116.00,11504.00,31.45,-32768.00,1417.00,-29761.00
404,772.00,3492.00,15880.00,31.54,-30615.00,2465.00,-19144.00
405,1332.00,2892.00,14804.00,31.59,681.00,2751.00,-6955.00
406,692.00,884.00,17412.00,31.45,30236.00,4063.00,3450.00
407,-404.00,8640.00,14384.00,31.49,32767.00,5940.00,8476.00
408,-1824.00,17736.00,4192.00,31.45,32767.00,-27.00,-48.00
409,-1088.00,18620.00,312.00,31.54,23961.00,782.00,-5550.00
410,-2120.00,16748.00,-984.00,31.49,6939.00,1563.00,-12209.00
411,-4772.00,13496.00,-320.00,31.45,4462.00,1985.00,-13575.00
412,-4412.00,5204.00,168.00,31.49,-4038.00,-626.00,-3409.00
413,-1728.00,21468.00,-668.00,31.45,-19051.00,2220.00,14837.00
414,316.00,19548.00,-1840.00,31.54,-25944.00,-4524.00,20840.00
415,3884.00,14688.00,7632.00,31.54,-21177.00,-649.00,6722.00
416,1096.00,14652.00,10192.00,31.49,-5685.00,-163.00,-2088.00
417,-456.00,14556.00,10304.00,31.54,1632.00,-818.00,-6791.00
418,-200.00,13732.00,8912.00,31.59,9729.00,-701.00,-5811.00
419,-368.00,14228.00,7260.00,31.45,10907.00,954.00,-2685.00
420,-1448.00,14692.00,6760.00,31.54,10738.00,2152.00,-147.00
421,-44.00,14648.00,4224.00,31.49,20670.00,2761.00,466.00
422,-180.00,16668.00,-32.00,31.59,26108.00,7667.00,973.00
423,-1068.00,14232.00,-2032.00,31.49,24561.00,8551.00,621.00
424,-92.00,15160.00,-9132.00,31.54,15632.00,6343.00,853.00
425,440.00,14152.00,-8212.00,31.54,578.00,-1523.00,4637.00
426,1864.00,12820.00,-9464.00,31.64,-2218.00,-5250.00,4499.00
427,1216.00,15608.00,-6848.00,31.59,-4436.00,-7267.00,2449.00
428,996.00,13100.00,-5800.00,31.49,-4440.00,-4966.00,740.00
429,1116.00,13576.00,-5096.00,31.49,-3615.00,-3589.00,2455.00
430,1172.00,14568.00,-5436.00,31.49,-518.00,-2316.00,3043.00
431,1188.00,14956.00,-5328.00,31.54,-1951.00,-1635.00,2342.00
432,840.00,15124.00,-6152.00,31.59,-1998.00,-1871.00,2236.00
433,896.00,15196.00,-5832.00,31.45,-4084.00,-2535.00,1110.00
434,1500.00,15024.00,-5016.00,31.54,-1540.00,-3308.00,508.00
435,1596.00,15068.00,-4136.00,31.54,-909.00,-3699.00,-1148.00
436,944.00,14816.00,-3860.00,31.49,-2649.00,-2549.00,-1456.00
437,680.00,15172.00,-3272.00,31.54,-8067.00,-2248.00,423.00
438,1272.00,16584.00,-2092.00,31.49,-15170.00,-1128.00,2642.00
439,1832.00,16580.00,-164.00,31.45,-16120.00,598.00,3834.00
440,2008.00,16564.00,2048.00,31.59,-11591.00,889.00,2773.00
441,2108.00,15812.00,3852.00,31.54,-5119.00,841.00,636.00
442,2148.00,16176.00,3732.00,31.59,3700.00,2300.00,-1551.00
443,1596.00,16560.00,2836.00,31.54,6868.00,3108.00,-2801.00
444,1596.00,16088.00,1276.00,31.54,6854.00,2844.00,-3923.00
445,1104.00,16088.00,-180.00,31.59,6674.00,2646.00,-4417.00
446,684.00,16148.00,-1480.00,31.54,5042.00,2217.00,-2875.00
447,556.00,16104.00,-2200.00,31.54,858.00,1314.00,-522.00
448,592.00,15664.00,-1860.00,31.54,137.00,-224.00,269.00
449,324.00,16092.00,-1168.00,31.49,-108.00,-737.00,-224.00
450,188.00,15876.00,-1156.00,31.49,26.00,-963.00,-454.00
451,192.00,16096.00,-752.00,31.54,-341.00,-1070.00,-669.00
452,408.00,15872.00,-1264.00,31.45,-345.00,-31.00,-442.00
453,324.00,16012.00,-1212.00,31.45,-778.00,339.00,23.00
454,572.00,16188.00,-1468.00,31.49,-792.00,810.00,241.00
455,572.00,16060.00,-1480.00,31.54,-706.00,899.00,-142.00
456,456.00,16152.00,-1588.00,31.45,-458.00,520.00,52.00
457,528.00,16108.00,-1432.00,31.54,-1056.00,-42.00,-36.00
458,620.00,16064.00,-1044.00,31.54,-546.00,68.00,-179.00
459,644.00,15960.00,-632.00,31.59,-362.00,-16.00,-630.00
460,432.00,16092.00,-612.00,31.59,-581.00,167.00,-591.00
461,648.00,16040.00,-692.00,31.45,-1039.00,-51.00,-334.00
462,412.00,15932.00,-1116.00,31.49,-1099.00,313.00,-363.00
463,520.00,16316.00,-1708.00,31.59,-956.00,2005.00,487.00
464,0.00,15668.00,2028.00,31.49,-537.00,2935.00,-323.00
465,-232.00,17024.00,-1156.00,31.45,-569.00,3108.00,-1706.00
466,304.00,15592.00,-416.00,31.64,501.00,2899.00,-2995.00
467,244.00,15488.00,-992.00,31.54,2321.00,2403.00,-2739.00
468,-260.00,15336.00,-1208.00,31.54,2043.00,1705.00,-1591.00
469,-212.00,16212.00,-1924.00,31.54,-704.00,1562.00,1884.00
470,296.00,15736.00,-552.00,31.59,-202.00,1242.00,4009.00
471,480.00,16720.00,-1468.00,31.54,1064.00,712.00,3350.00
472,1208.00,16492.00,-1752.00,31.54,-1953.00,-826.00,439.00
473,1060.00,16148.00,-1496.00,31.54,-26.00,-856.00,-36.00
474,1132.00,15828.00,-912.00,31.54,-294.00,-803.00,-171.00
475,1224.00,15864.00,-1144.00,31.54,-262.00,-40.00,61.00
476,1192.00,15988.00,-912.00,31.59,-98.00,916.00,394.00
477,1164.00,16260.00,-1476.00,31.54,-57.00,949.00,246.00
478,1492.00,15912.00,-1644.00,31.49,503.00,593.00,-192.00
479,1408.00,15792.00,-1996.00,31.49,171.00,-95.00,0.00
480,1428.00,15716.00,-1460.00,31.54,-260.00,-699.00,74.00
481,1464.00,15900.00,-1492.00,31.59,-277.00,-676.00,151.00
482,1544.00,16080.00,-1508.00,31.59,-181.00,-179.00,14.00
483,1460.00,15732.00,-1416.00,31.59,-444.00,70.00,121.00
484,1480.00,15768.00,-1688.00,31.54,-244.00,97.00,155.00
485,1520.00,16036.00,-1816.00,31.45,-235.00,285.00,278.00
486,1724.00,16064.00,-1644.00,31.59,-3.00,450.00,333.00
487,1872.00,15996.00,-1592.00,31.64,256.00,1034.00,465.00
488,2084.00,15804.00,-1584.00,31.54,661.00,1779.00,613.00
489,2160.00,15988.00,-1668.00,31.45,883.00,1895.00,868.00
490,2084.00,15908.00,-2100.00,31.49,111.00,437.00,119.00
491,2348.00,15452.00,-2600.00,31.54,471.00,-1196.00,-437.00
492,2048.00,15860.00,-2500.00,31.59,-513.00,-2528.00,-1150.00
493,1940.00,16844.00,-2084.00,31.54,-994.00,-2873.00,-2819.00
494,1084.00,15780.00,-1740.00,31.45,71.00,-2806.00,-4555.00
495,364.00,15296.00,-1536.00,31.59,830.00,-1903.00,-5574.00
496,-240.00,15372.00,-1784.00,31.59,311.00,-1719.00,-3896.00
497,-228.00,14752.00,-1892.00,31.54,-2136.00,-792.00,628.00
498,-536.00,15924.00,-1804.00,31.64,-3851.00,-581.00,4846.00
499,812.00,16212.00,-1784.00,31.59,-5764.00,-43.00,6851.00
500,1988.00,16344.00,-724.00,31.49,-4937.00,1810.00,5244.00
501,2308.00,16632.00,140.00,31.54,-1655.00,2287.00,2639.00
502,2476.00,16264.00,324.00,31.54,-353.00,1921.00,636.00
503,2624.00,16360.00,-428.00,31.59,248.00,972.00,-652.00
504,2788.00,16120.00,-484.00,31.54,778.00,704.00,-524.00
505,2460.00,15944.00,-208.00,31.54,246.00,-23.00,-530.00
506,2380.00,16084.00,-24.00,31.59,684.00,-9.00,284.00
507,2280.00,16156.00,212.00,31.54,-1960.00,-805.00,-453.00
508,2064.00,16284.00,-104.00,31.54,867.00,130.00,-17.00
509,2500.00,16176.00,-72.00,31.45,229.00,372.00,-438.00
510,2812.00,16044.00,-44.00,31.64,769.00,1024.00,-368.00
511,2616.00,16168.00,-1000.00,31.54,1641.00,941.00,-399.00
512,2484.00,15208.00,-1200.00,31.54,2999.00,778.00,-1022.00
513,2008.00,16332.00,-1800.00,31.54,2785.00,698.00,-948.00
514,1568.00,16128.00,-1580.00,31.54,-3101.00,-2061.00,-271.00
515,1096.00,16304.00,-840.00,31.59,-7078.00,-5855.00,457.00
516,3208.00,16072.00,-1440.00,31.64,-1412.00,-5064.00,492.00
517,2296.00,15972.00,236.00,31.54,1785.00,-2487.00,-762.00
518,1096.00,16156.00,-1644.00,31.54,1087.00,-2636.00,-397.00
519,1788.00,16532.00,-1252.00,31.59,-7125.00,-6000.00,72.00
520,2572.00,15600.00,1260.00,31.45,-7155.00,-5468.00,1023.00
521,2612.00,16372.00,1568.00,31.54,921.00,-3198.00,-714.00
522,1748.00,16348.00,1748.00,31.45,1679.00,-996.00,-1007.00
523,1532.00,16164.00,1716.00,31.49,539.00,808.00,-234.00
524,1700.00,16340.00,1084.00,31.54,730.00,2657.00,21.00
525,1908.00,16060.00,0.00,31.59,431.00,2784.00,-222.00
526,1852.00,16436.00,-1012.00,31.59,968.00,2143.00,-391.00
527,1876.00,16192.00,-1096.00,31.49,-776.00,880.00,44.00
528,2084.00,15932.00,-1012.00,31.59,-206.00,-249.00,-27.00
529,2024.00,16284.00,-4.00,31.59,-271.00,-1128.00,-269.00
530,1920.00,16080.00,96.00,31.54,93.00,-976.00,-411.00
531,1712.00,16020.00,180.00,31.59,-344.00,-387.00,-73.00
532,1692.00,16080.00,-296.00,31.54,-103.00,-337.00,-122.00
533,1816.00,16084.00,-12.00,31.54,-560.00,-473.00,-241.00
534,1828.00,16108.00,-192.00,31.54,-167.00,-641.00,-348.00
535,2040.00,15760.00,128.00,31.54,-394.00,-505.00,-107.00
536,1884.00,16256.00,-120.00,31.49,-117.00,-77.00,42.00
537,1912.00,16096.00,-312.00,31.54,8.00,107.00,159.00
538,2148.00,16120.00,-460.00,31.54,-629.00,701.00,175.00
539,2044.00,15956.00,-316.00,31.49,-505.00,1189.00,609.00
540,1868.00,15972.00,320.00,31.59,-737.00,847.00,636.00
541,2224.00,15960.00,96.00,31.49,2.00,556.00,308.00
542,2416.00,16268.00,-220.00,31.54,337.00,677.00,292.00
543,2612.00,16100.00,-276.00,31.59,465.00,800.00,169.00
544,2768.00,16168.00,-424.00,31.54,196.00,566.00,190.00
545,2852.00,15892.00,-732.00,31.59,218.00,545.00,240.00
546,2652.00,16064.00,-708.00,31.64,37.00,198.00,389.00
547,2764.00,16316.00,-576.00,31.49,-144.00,-318.00,282.00
548,2844.00,15932.00,-824.00,31.54,32.00,-713.00,-440.00
549,2820.00,15776.00,-848.00,31.54,-396.00,-1018.00,-602.00
550,2540.00,15980.00,-756.00,31.54,-577.00,-647.00,-644.00
551,2352.00,16240.00,212.00,31.54,-437.00,634.00,-448.00
552,2664.00,16404.00,-532.00,31.49,615.00,1972.00,-817.00
553,2700.00,15956.00,-500.00,31.68,2089.00,2687.00,-658.00
554,2596.00,15724.00,-1296.00,31.59,1164.00,2043.00,-549.00
555,2420.00,15524.00,-1004.00,31.68,427.00,892.00,-324.00
556,2344.00,15936.00,-1400.00,31.68,-711.00,-514.00,-50.00
557,2484.00,16136.00,-1244.00,31.59,-491.00,-894.00,-320.00
558,2396.00,16060.00,-972.00,31.59,-98.00,-413.00,-665.00
559,2428.00,15792.00,-892.00,31.59,-224.00,-473.00,-1046.00
560,2304.00,15668.00,-1116.00,31.49,-699.00,-208.00,-551.00
561,2184.00,15884.00,-1080.00,31.64,-600.00,327.00,-126.00
562,2128.00,16100.00,-1312.00,31.64,-312.00,203.00,-433.00
563,2236.00,15848.00,-992.00,31.54,-333.00,62.00,-660.00
564,2356.00,15796.00,-1140.00,31.68,-425.00,401.00,-201.00
565,2236.00,15952.00,-1176.00,31.59,-432.00,455.00,-69.00
566,2172.00,15956.00,-960.00,31.49,-478.00,292.00,-79.00
567,2120.00,16004.00,-1144.00,31.54,-324.00,420.00,-230.00
568,2284.00,16008.00,-988.00,31.54,-479.00,255.00,-195.00
569,2444.00,16064.00,-1120.00,31.59,-441.00,58.00,-356.00
570,2408.00,15836.00,-1156.00,31.59,-575.00,-306.00,-657.00
571,2304.00,15848.00,-1048.00,31.45,-1022.00,-739.00,-578.00
572,1968.00,15856.00,-840.00,31.54,-950.00,-653.00,-475.00
573,1760.00,16064.00,-736.00,31.54,-911.00,-512.00,-600.00
574,1952.00,16028.00,-704.00,31.59,-721.00,-316.00,-612.00
575,1800.00,15972.00,-468.00,31.49,-882.00,32.00,-198.00
576,1912.00,16196.00,-408.00,31.64,-369.00,642.00,-9.00
577,1800.00,16392.00,-820.00,31.59,515.00,813.00,-413.00
578,2036.00,15824.00,-628.00,31.54,330.00,254.00,-702.00
579,2140.00,15728.00,-644.00,31.59,-261.00,-133.00,-459.00
580,2008.00,16104.00,-744.00,31.49,-266.00,-349.00,-467.00
581,2152.00,16296.00,-1180.00,31.59,-276.00,-579.00,-1836.00
582,1536.00,16288.00,-404.00,31.64,607.00,-395.00,-3710.00
583,824.00,15652.00,-904.00,31.54,1509.00,-219.00,-5542.00
584,156.00,15352.00,-1620.00,31.54,2330.00,317.00,-4689.00
585,-324.00,16344.00,-1556.00,31.54,1713.00,509.00,-3897.00
586,-1088.00,15248.00,-296.00,31.54,1016.00,5314.00,-2047.00
587,-1140.00,15652.00,-1312.00,31.59,3177.00,10068.00,-535.00
588,1200.00,13340.00,-3784.00,31.59,5360.00,10946.00,1145.00
589,2404.00,12932.00,-12132.00,31.45,13812.00,-736.00,874.00
590,628.00,13252.00,-5104.00,31.54,1108.00,-2225.00,-2361.00
591,332.00,14536.00,-4952.00,31.49,2299.00,-3140.00,-1050.00
592,-140.00,14404.00,-5036.00,31.64,150.00,-2309.00,-213.00
593,-520.00,15416.00,-5768.00,31.49,536.00,-752.00,-1500.00
594,-360.00,13408.00,-5400.00,31.49,2555.00,384.00,-475.00
595,8.00,13504.00,-6832.00,31.59,1999.00,-248.00,-391.00
596,-336.00,14228.00,-6752.00,31.59,-1914.00,-1375.00,-2408.00
597,-516.00,15396.00,-5488.00,31.54,-2819.00,-564.00,-3721.00
598,-1944.00,13132.00,-6088.00,31.45,-744.00,-467.00,-1730.00
599,-1448.00,15584.00,-7076.00,31.59,-1964.00,-391.00,-2495.00
600,-2056.00,13860.00,-5584.00,31.59,441.00,-434.00,-2022.00
601,-1568.00,14096.00,-6496.00,31.54,1257.00,-830.00,-2231.00
602,-1744.00,12312.00,-6672.00,31.59,2746.00,1518.00,1499.00
603,-3756.00,13656.00,-6752.00,31.54,2579.00,746.00,4223.00
604,-292.00,14100.00,-6400.00,31.54,3990.00,2358.00,7874.00
605,-4.00,15748.00,-5948.00,31.59,2191.00,4479.00,6234.00
606,1340.00,13400.00,-7936.00,31.64,1707.00,5156.00,5566.00
607,2624.00,13204.00,-8676.00,31.59,1763.00,3358.00,1570.00
608,2784.00,10036.00,-7276.00,31.45,1491.00,3948.00,939.00
609,2808.00,14188.00,-7972.00,31.54,-742.00,610.00,235.00
610,3648.00,14160.00,-7832.00,31.45,-2077.00,-1078.00,-840.00
611,3564.00,12764.00,-7448.00,31.49,-2094.00,-2394.00,-748.00
612,2712.00,14108.00,-7140.00,31.54,-3704.00,-1215.00,-577.00
613,3028.00,12760.00,-6768.00,31.49,-2692.00,-489.00,-552.00
614,2684.00,14456.00,-7476.00,31.54,-2776.00,-697.00,-952.00
615,2696.00,13560.00,-6424.00,31.49,-1094.00,-1039.00,-733.00
616,2744.00,13816.00,-5916.00,31.64,45.00,-58.00,-815.00
617,2296.00,13864.00,-6992.00,31.64,-2265.00,-978.00,-201.00
618,2172.00,13772.00,-6600.00,31.54,-658.00,-649.00,1238.00
619,2660.00,14140.00,-5996.00,31.54,-1131.00,-860.00,899.00
620,2572.00,14048.00,-6032.00,31.59,-416.00,-106.00,868.00
621,2416.00,14164.00,-6536.00,31.54,-642.00,340.00,417.00
622,2844.00,13616.00,-6240.00,31.49,-2271.00,29.00,1068.00
623,3516.00,12480.00,-6412.00,31.49,-1449.00,-979.00,2219.00
624,3632.00,13624.00,-5064.00,31.64,-5051.00,-2803.00,2354.00
625,3680.00,13284.00,-4500.00,31.59,-7007.00,-3325.00,2475.00
626,3760.00,13560.00,-2640.00,31.64,-4807.00,-699.00,3817.00
627,4004.00,14032.00,-2160.00,31.59,-4950.00,3193.00,5459.00
628,5124.00,14800.00,-1844.00,31.59,-2101.00,7745.00,6518.00
629,6896.00,14300.00,-1360.00,31.64,996.00,13032.00,7291.00
630,7528.00,13000.00,-1328.00,31.64,2535.00,14677.00,6938.00
631,9484.00,11828.00,-1260.00,31.49,8145.00,17335.00,7571.00
632,11512.00,13800.00,-2408.00,31.54,13560.00,18750.00,7163.00
633,11860.00,12748.00,-2904.00,31.54,10871.00,16311.00,7814.00
634,13808.00,8752.00,-1404.00,31.59,11209.00,9296.00,4042.00
635,13872.00,7868.00,836.00,31.54,8227.00,3940.00,1778.00
636,14096.00,9636.00,-260.00,31.59,2120.00,3786.00,-947.00
637,18992.00,12792.00,300.00,31.59,7409.00,-3271.00,-5164.00
638,10688.00,7248.00,-1776.00,31.54,-2129.00,-7415.00,-4034.00
639,12052.00,11272.00,-1016.00,31.54,-2722.00,-10247.00,-2509.00
640,12948.00,13800.00,-3180.00,31.54,-1212.00,-8674.00,-5565.00
641,10312.00,10784.00,-3924.00,31.54,-5171.00,-9904.00,-2928.00
642,8692.00,11760.00,-1712.00,31.54,-5750.00,-12918.00,-3047.00
643,7164.00,14452.00,-6572.00,31.54,-3693.00,-13849.00,-3445.00
644,6860.00,14228.00,-4904.00,31.45,-5407.00,-16220.00,-3427.00
645,6092.00,12384.00,-6264.00,31.59,2386.00,-14398.00,2566.00
646,4880.00,13636.00,-8524.00,31.54,1021.00,-14709.00,2765.00
647,6472.00,12840.00,-10464.00,31.59,-344.00,-13748.00,117.00
648,3736.00,11848.00,-8224.00,31.64,-5073.00,-10438.00,-132.00
649,2300.00,13436.00,-7232.00,31.64,-3112.00,-10489.00,-1733.00
650,3036.00,13012.00,-6108.00,31.54,1655.00,-11630.00,-4998.00
651,-692.00,15060.00,-9212.00,31.49,1307.00,-11084.00,-5300.00
652,-1080.00,15416.00,-6740.00,31.59,167.00,-6756.00,-3830.00
653,-4376.00,14100.00,-9436.00,31.54,-2024.00,-3606.00,-1240.00
654,-3132.00,14352.00,-7020.00,31.45,-2964.00,-2973.00,-968.00
655,-2584.00,12512.00,-4172.00,31.54,-2236.00,-5139.00,-1574.00
656,-2444.00,14088.00,-7328.00,31.54,-4394.00,-4332.00,-1064.00
657,-3840.00,14060.00,-5504.00,31.54,-2581.00,-2780.00,-1144.00
658,-3708.00,14292.00,-5376.00,31.54,-1532.00,232.00,-804.00
659,-3368.00,14436.00,-5476.00,31.54,-1423.00,1318.00,-986.00
660,-3648.00,14152.00,-5292.00,31.54,-1359.00,930.00,-698.00
661,-2172.00,18548.00,-3324.00,31.59,-1415.00,570.00,95.00
662,-3656.00,14544.00,-6084.00,31.49,-73.00,1557.00,-134.00
663,-3100.00,14408.00,-5936.00,31.59,-31.00,2615.00,810.00
664,-2972.00,14552.00,-5632.00,31.59,-1031.00,3064.00,1384.00
665,-2188.00,15512.00,-6196.00,31.54,615.00,1363.00,2183.00
666,-2840.00,15040.00,-5804.00,31.59,348.00,1269.00,1734.00
667,-2152.00,13740.00,-5596.00,31.54,-1260.00,857.00,1190.00
668,-2176.00,14112.00,-5704.00,31.59,-1015.00,-315.00,25.00
669,-2460.00,14148.00,-5372.00,31.49,-2022.00,-1294.00,-557.00
670,-2452.00,14408.00,-4856.00,31.54,132.00,-2798.00,-1581.00
671,-3140.00,14164.00,-5532.00,31.54,-168.00,-3310.00,-476.00
672,-3872.00,20872.00,-6236.00,31.54,-2698.00,-3205.00,45.00
673,-3164.00,14536.00,-5208.00,31.54,-1049.00,-1991.00,858.00
674,-2804.00,14748.00,-4812.00,31.64,900.00,264.00,2230.00
675,-2576.00,14820.00,-4376.00,31.59,-1281.00,1288.00,2622.00
676,-1372.00,14760.00,-5168.00,31.49,-807.00,2067.00,2210.00
677,-1004.00,14028.00,-4160.00,31.49,2214.00,715.00,2989.00
678,-1420.00,14196.00,-3492.00,31.64,1767.00,-773.00,2141.00
679,8.00,15144.00,-6828.00,31.54,173.00,-1173.00,219.00
680,-1196.00,13336.00,-5108.00,31.59,73.00,-1637.00,-637.00
681,-924.00,14256.00,-5328.00,31.54,26.00,-1806.00,-712.00
682,-1420.00,14360.00,-6012.00,31.54,1025.00,-712.00,-1243.00
683,-2460.00,14892.00,-6716.00,31.68,-3507.00,-87.00,-1237.00
684,-1448.00,16324.00,-5444.00,31.54,-2218.00,677.00,368.00
685,-2144.00,15148.00,-3804.00,31.59,-435.00,358.00,-1432.00
686,-4328.00,14480.00,-4576.00,31.54,4631.00,346.00,-5274.00
687,-3660.00,12156.00,-5136.00,31.54,3384.00,-1831.00,-3211.00
688,-484.00,13488.00,-6064.00,31.54,-1425.00,460.00,1706.00
689,-1000.00,17612.00,-7032.00,31.45,-2417.00,2093.00,509.00
690,-3036.00,13428.00,-4872.00,31.49,-1556.00,796.00,-490.00
691,-2036.00,14516.00,-6112.00,31.64,-764.00,-835.00,530.00
692,-2000.00,14080.00,-5840.00,31.64,-2703.00,-312.00,634.00
693,-1016.00,14828.00,-5484.00,31.59,-2266.00,-848.00,492.00
694,-1056.00,14780.00,-5132.00,31.54,-705.00,-683.00,288.00
695,-1188.00,14516.00,-4868.00,31.54,-593.00,-284.00,-260.00
696,-1528.00,14748.00,-5024.00,31.49,-534.00,36.00,-477.00
697,-1492.00,14692.00,-5088.00,31.59,-415.00,360.00,-553.00
698,-1736.00,14592.00,-5200.00,31.54,-335.00,396.00,-768.00
699,-1740.00,14576.00,-4788.00,31.54,85.00,-27.00,-477.00
700,-1636.00,14504.00,-5280.00,31.54,148.00,-62.00,-276.00
701,-1392.00,14316.00,-5276.00,31.45,672.00,-142.00,-455.00
702,-1696.00,14364.00,-5276.00,31.54,1277.00,84.00,-770.00
703,-1816.00,14424.00,-5704.00,31.45,271.00,130.00,-432.00
704,-1568.00,14328.00,-5656.00,31.64,11.00,373.00,-379.00
705,-1980.00,14208.00,-5824.00,31.64,-126.00,276.00,-647.00
706,-1924.00,14208.00,-5736.00,31.54,-32.00,-336.00,-445.00
707,-1720.00,14288.00,-5760.00,31.59,-245.00,-299.00,-187.00
708,-1812.00,14288.00,-5628.00,31.54,-486.00,-298.00,-50.00
709,-1812.00,14264.00,-5696.00,31.54,-421.00,-174.00,-211.00
710,-1876.00,14224.00,-5828.00,31.49,-590.00,-231.00,-246.00
711,-1812.00,14328.00,-5744.00,31.54,-528.00,-285.00,-157.00
712,-1804.00,14388.00,-5732.00,31.54,-965.00,-209.00,32.00
713,-1768.00,14444.00,-5636.00,31.54,-1170.00,224.00,110.00
714,-1716.00,14340.00,-5260.00,31.59,-602.00,543.00,-211.00
715,-1800.00,14684.00,-5584.00,31.49,-328.00,154.00,-100.00
716,-1748.00,14424.00,-5408.00,31.54,99.00,-292.00,-227.00
717,-1680.00,14456.00,-5564.00,31.54,210.00,-421.00,-367.00
718,-1692.00,14340.00,-5584.00,31.54,90.00,-295.00,-424.00
719,-1848.00,14332.00,-5892.00,31.64,-140.00,-187.00,-295.00
720,-1844.00,14280.00,-5788.00,31.59,-368.00,-187.00,-196.00
721,-1852.00,14360.00,-5708.00,31.68,-801.00,-202.00,-101.00
722,-1816.00,14408.00,-5452.00,31.54,-909.00,-251.00,-51.00
723,-1848.00,14292.00,-5480.00,31.64,-603.00,-270.00,-218.00
724,-1900.00,14344.00,-5472.00,31.59,-457.00,-365.00,-172.00
725,-1836.00,14328.00,-5596.00,31.45,-326.00,-330.00,-226.00
726,-1764.00,14464.00,-5388.00,31.59,-233.00,-188.00,-382.00
727,-1744.00,14424.00,-5600.00,31.49,-588.00,-105.00,-158.00
728,-1872.00,14484.00,-5340.00,31.54,-474.00,-54.00,-223.00
729,-1896.00,14440.00,-5228.00,31.54,-357.00,57.00,-412.00
730,-2704.00,14556.00,-4784.00,31.54,-99.00,-745.00,-938.00
731,-1864.00,14480.00,-5488.00,31.64,-295.00,-66.00,-509.00
732,-1988.00,14368.00,-5480.00,31.54,-227.00,-177.00,-518.00
733,-1968.00,14288.00,-5312.00,31.49,-365.00,-274.00,-500.00
734,-2120.00,14396.00,-5380.00,31.45,-402.00,-316.00,-256.00
735,-1992.00,14408.00,-5580.00,31.49,-333.00,-284.00,-300.00
736,-2076.00,14320.00,-5508.00,31.59,-408.00,-89.00,-264.00
737,-2040.00,14344.00,-5496.00,31.54,-410.00,-100.00,-204.00
738,-1988.00,14404.00,-5512.00,31.59,-365.00,-118.00,-208.00
739,-2116.00,14332.00,-5480.00,31.49,-269.00,-177.00,-210.00
740,-2076.00,14332.00,-5408.00,31.45,-181.00,-337.00,-188.00
741,-2200.00,14492.00,-5440.00,31.49,-130.00,-390.00,-178.00
742,-2044.00,14380.00,-5568.00,31.45,-181.00,-328.00,-25.00
743,-2056.00,14380.00,-5436.00,31.54,-306.00,-202.00,-141.00
744,-2064.00,14288.00,-5504.00,31.54,-310.00,-135.00,-125.00
745,-2168.00,14252.00,-5500.00,31.45,-230.00,-147.00,-279.00
746,-2120.00,14316.00,-5460.00,31.40,-239.00,-214.00,-54.00
747,-2196.00,14268.00,-5532.00,31.49,-248.00,-234.00,-77.00
748,-2052.00,14228.00,-5432.00,31.54,-220.00,-253.00,-138.00
749,-2168.00,14232.00,-5456.00,31.64,-359.00,-232.00,-96.00
750,-2120.00,14280.00,-5660.00,31.40,-232.00,-164.00,-189.00
751,-2168.00,14252.00,-5484.00,31.54,-276.00,-142.00,-235.00
752,-2084.00,14256.00,-5604.00,31.49,-329.00,-173.00,-143.00
753,-2076.00,14336.00,-5532.00,31.54,-370.00,-206.00,-133.00
754,-2080.00,14188.00,-5612.00,31.54,-346.00,-223.00,-67.00
755,-2052.00,14272.00,-5592.00,31.49,-312.00,-197.00,-260.00
756,-2096.00,14304.00,-5496.00,31.54,-386.00,-246.00,-96.00
757,-2116.00,14300.00,-5684.00,31.59,-485.00,-190.00,-21.00
758,-2084.00,14292.00,-5520.00,31.59,-489.00,-135.00,-71.00
759,-2100.00,14420.00,-5512.00,31.45,-431.00,-145.00,-142.00
760,-2124.00,14292.00,-5488.00,31.59,-443.00,-174.00,-108.00
761,-2128.00,14352.00,-5552.00,31.59,-374.00,-180.00,-138.00
762,-2116.00,14476.00,-5508.00,31.54,-382.00,-175.00,-68.00
763,-2096.00,14412.00,-5544.00,31.59,-397.00,-123.00,-136.00
764,-2012.00,14340.00,-5500.00,31.54,-501.00,-145.00,-46.00
765,-2004.00,14196.00,-5424.00,31.54,-202.00,-190.00,-308.00
766,-2032.00,14348.00,-5444.00,31.54,-373.00,-208.00,-101.00
767,-2076.00,14352.00,-5576.00,31.54,-260.00,-218.00,-317.00
768,-2064.00,14436.00,-5628.00,31.45,-142.00,-202.00,-255.00
769,-2072.00,14300.00,-5412.00,31.59,-182.00,-201.00,-290.00
770,-2052.00,14356.00,-5496.00,31.54,-101.00,-211.00,-311.00
771,-2172.00,14376.00,-5752.00,31.49,-271.00,-170.00,-126.00
772,-2240.00,14572.00,-5532.00,31.54,-235.00,-155.00,-203.00
773,-2108.00,14320.00,-5640.00,31.49,-283.00,-149.00,-124.00
774,-2132.00,14236.00,-5544.00,31.54,-256.00,-154.00,-144.00
775,-2088.00,14216.00,-5692.00,31.54,-241.00,-214.00,-160.00
776,-2204.00,14260.00,-5616.00,31.54,-170.00,-255.00,-90.00
777,-2088.00,14236.00,-5656.00,31.54,-236.00,-199.00,-115.00
778,-2000.00,14268.00,-5700.00,31.59,-203.00,-195.00,-119.00
779,-1968.00,14280.00,-5456.00,31.54,-238.00,-164.00,-156.00
780,-2056.00,14296.00,-5808.00,31.59,-309.00,-138.00,-169.00
781,-2192.00,14200.00,-5708.00,31.49,-298.00,-216.00,-100.00
782,-1904.00,14172.00,-5692.00,31.45,-301.00,-213.00,-161.00
783,-1948.00,14196.00,-5648.00,31.49,-249.00,-250.00,-214.00
784,-2064.00,14200.00,-5616.00,31.54,-243.00,-291.00,-257.00
785,-2088.00,14192.00,-5896.00,31.45,-214.00,-236.00,-142.00
786,-2032.00,14100.00,-5840.00,31.45,-257.00,-181.00,-197.00
787,-2048.00,14188.00?
Sample,aX,aY,az,Temp,gX,gY,gz
1,-2348.00,13712.00,-6160.00,31.49,-58.00,289.00,110.00
2,-1900.00,14272.00,-6320.00,31.54,882.00,160.00,42.00
3,-2920.00,14104.00,-6692.00,31.45,57.00,-133.00,-271.00
4,-1788.00,13720.00,-6792.00,31.49,323.00,398.00,-310.00
5,-1796.00,13840.00,-6748.00,31.54,-1216.00,413.00,-208.00
6,-1808.00,13848.00,-6464.00,31.54,-1137.00,319.00,-139.00
7,-1900.00,13776.00,-6484.00,31.54,-1716.00,181.00,164.00
8,-1624.